{
    "evaluation_time": "2026-07-08 21:56:43",
    "target": "block_red",
    "depth_mode": "center",
    "sample_count": 50,
    "ground_truth_mm": {
        "x": 10.5,
        "y": -20.0,
        "z": 600.0,
        "distance": 600.4250577715757
    },
    "average_measured_mm": {
        "x": 11.313624719607612,
        "y": -20.15572624132026,
        "z": 599.1550430120303,
        "distance": 599.6404008106975
    },
    "std_dev_mm": {
        "x": 4.893023017603144,
        "y": 4.928443421859219,
        "z": 10.115343915730998,
        "distance": 10.146827006103797
    },
    "absolute_error_mm": {
        "x_mae": 3.981459037925815,
        "y_mae": 3.840013371451347,
        "z_mae": 8.365568282584723,
        "distance_mae": 8.40162595074826,
        "x_max_err": 10.349532358932189,
        "y_max_err": 13.459149841923429,
        "z_max_err": 23.636844302745818,
        "distance_max_err": 23.65999975907751
    }
}